model,accuracy,precision,recall,f1
xgboost,0.8205865439907993,0.827906976744186,0.8127853881278538,0.8202764976958525
svc,0.7924094307073031,0.8083832335329342,0.7705479452054794,0.7890122735242548
logistic_regression,0.7918343875790684,0.7887640449438202,0.8013698630136986,0.7950169875424689
random_forest,0.7734330074755607,0.8221925133689839,0.702054794520548,0.7573891625615764
knn,0.772857964347326,0.7980173482032218,0.7351598173515982,0.7653000594177065
gaussian_nb,0.7521564117308798,0.7379679144385026,0.7876712328767124,0.7620099392600773
